symbol,position,rationale,disclosureDate,transactionDate,firstName,lastName,office,owner,assetDescription,assetType,type,amount,link,chamber,RunDate,RunTime
NVDA,long,"Strong net inflow and solid performance in the semiconductor sector, coupled with positive momentum in AI technologies.",2025-04-20,2025-03-25,Ashley,Moody,Ashley Moody,Self,NVIDIA Corporation,Stock Option,Sale,8000.5,https://efdsearch.senate.gov/search/view/ptr/19100e4c-0acb-45fb-9eb3-34ec9460d5e9/,senate,2025-04-23,22:53:26
NVDA,long,"Strong net inflow and solid performance in the semiconductor sector, coupled with positive momentum in AI technologies.",2025-04-20,2025-03-20,Ashley,Moody,Ashley Moody,Self,NVIDIA Corporation,Stock,Purchase,175000.5,https://efdsearch.senate.gov/search/view/ptr/19100e4c-0acb-45fb-9eb3-34ec9460d5e9/,senate,2025-04-23,22:53:26
NVDA,long,"Strong net inflow and solid performance in the semiconductor sector, coupled with positive momentum in AI technologies.",2025-04-20,2025-03-21,Ashley,Moody,Ashley Moody,Self,NVIDIA Corporation,Stock,Purchase,32500.5,https://efdsearch.senate.gov/search/view/ptr/19100e4c-0acb-45fb-9eb3-34ec9460d5e9/,senate,2025-04-23,22:53:26
NVDA,long,"Strong net inflow and solid performance in the semiconductor sector, coupled with positive momentum in AI technologies.",2025-03-05,2025-02-26,John,Boozman,John Boozman,Joint,Nvidia Corp,Stock,Purchase,8000.5,https://efdsearch.senate.gov/search/view/ptr/6cf4a78e-92f0-4201-bf73-e9b02cd8f9ef/,senate,2025-04-23,22:53:26
NVDA,long,"Strong net inflow and solid performance in the semiconductor sector, coupled with positive momentum in AI technologies.",2025-04-18,2025-04-03,Dwight,Evans,Dwight Evans,,NVIDIA Corporation,Stock,Purchase,8000.5,https://disclosures-clerk.house.gov/public_disc/ptr-pdfs/2025/20030179.pdf,house,2025-04-23,22:53:26
LLY,long,Significant net inflow indicating confidence in its recent drug developments and strong pipeline.,2025-03-23,2025-03-06,Ashley,Moody,Ashley Moody,Self,Eli Lilly and Co,Stock,Purchase,175000.5,https://efdsearch.senate.gov/search/view/ptr/376521e5-ad5e-44ec-8bd4-63847da2e049/,senate,2025-04-23,22:53:26
AMD,long,High net inflow reflects positive sentiment following recent product launches and growth in data center demand.,2025-03-23,2025-02-24,Ashley,Moody,Ashley Moody,Self,Advanced Micro Devices Inc,Stock,Purchase,175000.5,https://efdsearch.senate.gov/search/view/ptr/376521e5-ad5e-44ec-8bd4-63847da2e049/,senate,2025-04-23,22:53:26
KBH,long,"Attractive net inflow suggests bullish sentiment in the housing sector, benefiting from low inventory levels.",2025-03-30,2025-03-05,Dave,McCormick,Dave McCormick,Self,KB Home,Corporate Bond,Purchase,375000.5,https://efdsearch.senate.gov/search/view/ptr/5823084a-1dd6-4707-aee5-53c57af4df8c/,senate,2025-04-23,22:53:26
CACI,long,Positive net flow amidst increased government spending on defense and technology services.,2025-04-18,2025-03-06,Michael,McCaul,Michael McCaul,Spouse,CACI International Inc,Stock,Purchase,175000.5,https://disclosures-clerk.house.gov/public_disc/ptr-pdfs/2025/8220834.pdf,house,2025-04-23,22:53:26
AMZN,long,Recent net inflow may indicate optimism about its e-commerce recovery and cloud growth.,2025-03-05,2025-02-26,John,Boozman,John Boozman,Joint,Amazon.com Inc,Stock,Purchase,8000.5,https://efdsearch.senate.gov/search/view/ptr/6cf4a78e-92f0-4201-bf73-e9b02cd8f9ef/,senate,2025-04-23,22:53:26
AMZN,long,Recent net inflow may indicate optimism about its e-commerce recovery and cloud growth.,2025-04-23,2025-04-03,Rob,Bresnahan,Rob Bresnahan,,Amazon.com Inc,Stock,Sale,8000.5,https://disclosures-clerk.house.gov/public_disc/ptr-pdfs/2025/20030212.pdf,house,2025-04-23,22:53:26
AMZN,long,Recent net inflow may indicate optimism about its e-commerce recovery and cloud growth.,2025-04-18,2025-04-03,Dwight,Evans,Dwight Evans,,Amazon.com Inc,Stock,Purchase,8000.5,https://disclosures-clerk.house.gov/public_disc/ptr-pdfs/2025/20030179.pdf,house,2025-04-23,22:53:26
AMZN,long,Recent net inflow may indicate optimism about its e-commerce recovery and cloud growth.,2025-04-17,2025-03-03,Bruce,Westerman,Bruce Westerman,,Amazon.com Inc,Stock,Purchase,32500.5,https://disclosures-clerk.house.gov/public_disc/ptr-pdfs/2025/20030146.pdf,house,2025-04-23,22:53:26
KHC,short,"Despite net inflow, concerns over rising commodity costs may pressure margins.",2025-04-18,2025-03-04,Michael,McCaul,Michael McCaul,Spouse,The Kraft Heinz Co,Stock,Purchase,75000.5,https://disclosures-clerk.house.gov/public_disc/ptr-pdfs/2025/8220834.pdf,house,2025-04-23,22:53:26
INTU,short,Recent strong performance might not be sustainable due to competitive pressures in the financial software space.,2025-04-23,2025-04-01,Rob,Bresnahan,Rob Bresnahan,,Intuit Inc,Stock,Purchase,8000.5,https://disclosures-clerk.house.gov/public_disc/ptr-pdfs/2025/20030212.pdf,house,2025-04-23,22:53:26
INTU,short,Recent strong performance might not be sustainable due to competitive pressures in the financial software space.,2025-04-18,2025-03-31,Michael,McCaul,Michael McCaul,Spouse,Intuit Inc,Stock,Purchase,75000.5,https://disclosures-clerk.house.gov/public_disc/ptr-pdfs/2025/8220834.pdf,house,2025-04-23,22:53:26
MSFT,short,High valuation concerns may lead to downward pressure despite strong fundamentals.,2025-03-05,2025-02-04,Shelley,Moore Capito,Shelley Moore Capito,Spouse,Microsoft Corp,Stock,Sale (Partial),8000.5,https://efdsearch.senate.gov/search/view/ptr/2f191d07-0340-4367-ba29-a81216bb20e3/,senate,2025-04-23,22:53:26
MSFT,short,High valuation concerns may lead to downward pressure despite strong fundamentals.,2025-03-05,2025-02-05,John,Boozman,John Boozman,Joint,Microsoft Corp,Stock,Purchase,8000.5,https://efdsearch.senate.gov/search/view/ptr/6cf4a78e-92f0-4201-bf73-e9b02cd8f9ef/,senate,2025-04-23,22:53:26
MSFT,short,High valuation concerns may lead to downward pressure despite strong fundamentals.,2025-03-05,2025-02-14,John,Boozman,John Boozman,Joint,Microsoft Corp,Stock,Purchase,8000.5,https://efdsearch.senate.gov/search/view/ptr/6cf4a78e-92f0-4201-bf73-e9b02cd8f9ef/,senate,2025-04-23,22:53:26
MSFT,short,High valuation concerns may lead to downward pressure despite strong fundamentals.,2025-04-23,2025-04-03,Rob,Bresnahan,Rob Bresnahan,,Microsoft Corp,Stock,Purchase,8000.5,https://disclosures-clerk.house.gov/public_disc/ptr-pdfs/2025/20030212.pdf,house,2025-04-23,22:53:26
MSFT,short,High valuation concerns may lead to downward pressure despite strong fundamentals.,2025-04-18,2025-03-18,Michael,McCaul,Michael McCaul,Spouse,Microsoft Corp,Stock,Purchase,32500.5,https://disclosures-clerk.house.gov/public_disc/ptr-pdfs/2025/8220834.pdf,house,2025-04-23,22:53:26
MSFT,short,High valuation concerns may lead to downward pressure despite strong fundamentals.,2025-04-17,2025-03-03,Bruce,Westerman,Bruce Westerman,,Microsoft Corp,Stock,Purchase,32500.5,https://disclosures-clerk.house.gov/public_disc/ptr-pdfs/2025/20030146.pdf,house,2025-04-23,22:53:26
MSFT,short,High valuation concerns may lead to downward pressure despite strong fundamentals.,2025-04-17,2025-03-20,Bruce,Westerman,Bruce Westerman,,Microsoft Corp,Stock,Sale,8000.5,https://disclosures-clerk.house.gov/public_disc/ptr-pdfs/2025/20030146.pdf,house,2025-04-23,22:53:26
BITB,short,"High speculative interest in crypto assets may lead to price corrections, making it a candidate for short.",2025-03-30,2025-03-10,Dave,McCormick,Dave McCormick,Self,BITWISE BITCOIN ETF,ETF,Purchase,75000.5,https://efdsearch.senate.gov/search/view/ptr/5823084a-1dd6-4707-aee5-53c57af4df8c/,senate,2025-04-23,22:54:34
BITB,short,"High speculative interest in crypto assets may lead to price corrections, making it a candidate for short.",2025-03-30,2025-02-27,Dave,McCormick,Dave McCormick,Self,BITWISE BITCOIN ETF,ETF,Purchase,75000.5,https://efdsearch.senate.gov/search/view/ptr/5823084a-1dd6-4707-aee5-53c57af4df8c/,senate,2025-04-23,22:54:34
BITB,short,"High speculative interest in crypto assets may lead to price corrections, making it a candidate for short.",2025-03-30,2025-03-05,Dave,McCormick,Dave McCormick,Self,BITWISE BITCOIN ETF,ETF,Purchase,32500.5,https://efdsearch.senate.gov/search/view/ptr/5823084a-1dd6-4707-aee5-53c57af4df8c/,senate,2025-04-23,22:54:34
BITB,short,"High speculative interest in crypto assets may lead to price corrections, making it a candidate for short.",2025-03-30,2025-02-28,Dave,McCormick,Dave McCormick,Self,BITWISE BITCOIN ETF,ETF,Purchase,32500.5,https://efdsearch.senate.gov/search/view/ptr/5823084a-1dd6-4707-aee5-53c57af4df8c/,senate,2025-04-23,22:54:34
BITB,short,"High speculative interest in crypto assets may lead to price corrections, making it a candidate for short.",2025-03-30,2025-03-11,Dave,McCormick,Dave McCormick,Self,BITWISE BITCOIN ETF,ETF,Purchase,32500.5,https://efdsearch.senate.gov/search/view/ptr/5823084a-1dd6-4707-aee5-53c57af4df8c/,senate,2025-04-23,22:54:34
BITB,short,"High speculative interest in crypto assets may lead to price corrections, making it a candidate for short.",2025-03-30,2025-03-03,Dave,McCormick,Dave McCormick,Self,BITWISE BITCOIN ETF,ETF,Purchase,75000.5,https://efdsearch.senate.gov/search/view/ptr/5823084a-1dd6-4707-aee5-53c57af4df8c/,senate,2025-04-23,22:54:34
BITB,short,"High speculative interest in crypto assets may lead to price corrections, making it a candidate for short.",2025-03-30,2025-03-13,Dave,McCormick,Dave McCormick,Self,BITWISE BITCOIN ETF,ETF,Purchase,32500.5,https://efdsearch.senate.gov/search/view/ptr/5823084a-1dd6-4707-aee5-53c57af4df8c/,senate,2025-04-23,22:54:34
BITB,short,"High speculative interest in crypto assets may lead to price corrections, making it a candidate for short.",2025-03-30,2025-03-20,Dave,McCormick,Dave McCormick,Self,BITWISE BITCOIN ETF,ETF,Purchase,75000.5,https://efdsearch.senate.gov/search/view/ptr/5823084a-1dd6-4707-aee5-53c57af4df8c/,senate,2025-04-23,22:54:34
BITB,short,"High speculative interest in crypto assets may lead to price corrections, making it a candidate for short.",2025-03-28,2025-03-11,David H,McCormick,"McCormick, David H. (Senator)",Self,Bitwise Bitcoin ETF,Stock,Purchase,32500.5,https://efdsearch.senate.gov/search/view/ptr/5823084a-1dd6-4707-aee5-53c57af4df8c/,senate,2025-04-23,22:54:34
BITB,short,"High speculative interest in crypto assets may lead to price corrections, making it a candidate for short.",2025-03-28,2025-03-13,David H,McCormick,"McCormick, David H. (Senator)",Self,Bitwise Bitcoin ETF,Stock,Purchase,32500.5,https://efdsearch.senate.gov/search/view/ptr/5823084a-1dd6-4707-aee5-53c57af4df8c/,senate,2025-04-23,22:54:34
BITB,short,"High speculative interest in crypto assets may lead to price corrections, making it a candidate for short.",2025-03-28,2025-03-20,David H,McCormick,"McCormick, David H. (Senator)",Self,Bitwise Bitcoin ETF,Stock,Purchase,75000.5,https://efdsearch.senate.gov/search/view/ptr/5823084a-1dd6-4707-aee5-53c57af4df8c/,senate,2025-04-23,22:54:34
BITB,short,"High speculative interest in crypto assets may lead to price corrections, making it a candidate for short.",2025-03-28,2025-02-27,David H,McCormick,"McCormick, David H. (Senator)",Self,Bitwise Bitcoin ETF,Stock,Purchase,75000.5,https://efdsearch.senate.gov/search/view/ptr/5823084a-1dd6-4707-aee5-53c57af4df8c/,senate,2025-04-23,22:54:34
BITB,short,"High speculative interest in crypto assets may lead to price corrections, making it a candidate for short.",2025-03-28,2025-02-28,David H,McCormick,"McCormick, David H. (Senator)",Self,Bitwise Bitcoin ETF,Stock,Purchase,32500.5,https://efdsearch.senate.gov/search/view/ptr/5823084a-1dd6-4707-aee5-53c57af4df8c/,senate,2025-04-23,22:54:34
BITB,short,"High speculative interest in crypto assets may lead to price corrections, making it a candidate for short.",2025-03-28,2025-03-03,David H,McCormick,"McCormick, David H. (Senator)",Self,Bitwise Bitcoin ETF,Stock,Purchase,75000.5,https://efdsearch.senate.gov/search/view/ptr/5823084a-1dd6-4707-aee5-53c57af4df8c/,senate,2025-04-23,22:54:34
BITB,short,"High speculative interest in crypto assets may lead to price corrections, making it a candidate for short.",2025-03-28,2025-03-05,David H,McCormick,"McCormick, David H. (Senator)",Self,Bitwise Bitcoin ETF,Stock,Purchase,32500.5,https://efdsearch.senate.gov/search/view/ptr/5823084a-1dd6-4707-aee5-53c57af4df8c/,senate,2025-04-23,22:54:34
BITB,short,"High speculative interest in crypto assets may lead to price corrections, making it a candidate for short.",2025-03-28,2025-03-10,David H,McCormick,"McCormick, David H. (Senator)",Self,Bitwise Bitcoin ETF,Stock,Purchase,75000.5,https://efdsearch.senate.gov/search/view/ptr/5823084a-1dd6-4707-aee5-53c57af4df8c/,senate,2025-04-23,22:54:34
BITB,short,"High speculative interest in crypto assets may lead to price corrections, making it a candidate for short.",2025-03-19,2025-02-26,Dave,McCormick,Dave McCormick,Self,BITWISE BITCOIN ETF,ETF,Purchase,32500.5,https://efdsearch.senate.gov/search/view/ptr/ac293f74-570f-4c11-9224-79686a7500a9/,senate,2025-04-23,22:54:34
BITB,short,"High speculative interest in crypto assets may lead to price corrections, making it a candidate for short.",2025-03-19,2025-02-25,Dave,McCormick,Dave McCormick,Self,BITWISE BITCOIN ETF,ETF,Purchase,75000.5,https://efdsearch.senate.gov/search/view/ptr/ac293f74-570f-4c11-9224-79686a7500a9/,senate,2025-04-23,22:54:34
BITB,short,"High speculative interest in crypto assets may lead to price corrections, making it a candidate for short.",2025-03-18,2025-02-26,David H,McCormick,"McCormick, David H. (Senator)",Self,Bitwise Bitcoin ETF,Stock,Purchase,32500.5,https://efdsearch.senate.gov/search/view/ptr/ac293f74-570f-4c11-9224-79686a7500a9/,senate,2025-04-23,22:54:34
BITB,short,"High speculative interest in crypto assets may lead to price corrections, making it a candidate for short.",2025-03-18,2025-02-25,David H,McCormick,"McCormick, David H. (Senator)",Self,Bitwise Bitcoin ETF,Stock,Purchase,75000.5,https://efdsearch.senate.gov/search/view/ptr/ac293f74-570f-4c11-9224-79686a7500a9/,senate,2025-04-23,22:54:34
BITB,short,"High speculative interest in crypto assets may lead to price corrections, making it a candidate for short.",2025-03-05,2025-02-25,Dave,McCormick,Dave McCormick,Self,BITWISE BITCOIN ETF,,Purchase,75000.5,https://efdsearch.senate.gov/search/view/ptr/87e8ffc9-b032-4706-a4d1-8769a6eca634/,senate,2025-04-23,22:54:34
BITB,short,"High speculative interest in crypto assets may lead to price corrections, making it a candidate for short.",2025-03-05,2025-02-26,Dave,McCormick,Dave McCormick,Self,BITWISE BITCOIN ETF,,Purchase,32500.5,https://efdsearch.senate.gov/search/view/ptr/87e8ffc9-b032-4706-a4d1-8769a6eca634/,senate,2025-04-23,22:54:34
DXCM,short,Potential pricing pressures in the healthcare sector could hinder growth prospects.,2025-04-18,2025-03-13,Michael,McCaul,Michael McCaul,Spouse,DexCom Inc,Stock,Purchase,32500.5,https://disclosures-clerk.house.gov/public_disc/ptr-pdfs/2025/8220834.pdf,house,2025-04-23,22:54:34
EL,short,Market saturation in beauty products combined with supply chain challenges may affect future performance.,2025-04-18,2025-03-04,Michael,McCaul,Michael McCaul,Spouse,The Estee Lauder Cos Inc,Stock,Purchase,8000.5,https://disclosures-clerk.house.gov/public_disc/ptr-pdfs/2025/8220834.pdf,house,2025-04-23,22:54:34
EL,short,Market saturation in beauty products combined with supply chain challenges may affect future performance.,2025-04-18,2025-03-05,Michael,McCaul,Michael McCaul,Spouse,The Estee Lauder Cos Inc,Stock,Purchase,32500.5,https://disclosures-clerk.house.gov/public_disc/ptr-pdfs/2025/8220834.pdf,house,2025-04-23,22:54:34
LEN,long,Rebounding construction sector combined with large net positive flow points to potential growth.,2025-04-18,2025-03-25,Michael,McCaul,Michael McCaul,Spouse,Lennar Corp,Stock,Purchase,32500.5,https://disclosures-clerk.house.gov/public_disc/ptr-pdfs/2025/8220834.pdf,house,2025-04-23,22:55:40
LEN,long,Rebounding construction sector combined with large net positive flow points to potential growth.,2025-04-18,2025-03-13,Michael,McCaul,Michael McCaul,Spouse,Lennar Corp,Stock,Purchase,75000.5,https://disclosures-clerk.house.gov/public_disc/ptr-pdfs/2025/8220834.pdf,house,2025-04-23,22:55:40
COF,short,"Weakening credit environment and potential rising default rates could hurt performance, warranting a short position.",2025-04-12,2025-03-19,Markwayne,Mullin,Markwayne Mullin,Joint,Capital One Financial Corp,Stock,Purchase,32500.5,https://efdsearch.senate.gov/search/view/ptr/7202646a-173e-4d52-ae17-80536038a476/,senate,2025-04-23,22:55:40
VMC,short,Possible slowdown in construction and infrastructure spending may negatively impact performance.,2025-04-18,2025-03-21,Michael,McCaul,Michael McCaul,Spouse,Vulcan Materials Co,Stock,Purchase,32500.5,https://disclosures-clerk.house.gov/public_disc/ptr-pdfs/2025/8220834.pdf,house,2025-04-23,22:55:40
TBLL,short,Recent underperformance in share price and lack of clear growth catalysts.,2025-04-20,2025-03-19,John,Boozman,John Boozman,Joint,INVESCO SHORT TERM TREAS ETF,ETF,Purchase,8000.5,https://efdsearch.senate.gov/search/view/ptr/fcacc112-3bf8-4a43-82f6-38d14a699357/,senate,2025-04-23,22:56:47
TBLL,short,Recent underperformance in share price and lack of clear growth catalysts.,2025-04-20,2025-03-05,John,Boozman,John Boozman,Joint,INVESCO SHORT TERM TREAS ETF,ETF,Purchase,8000.5,https://efdsearch.senate.gov/search/view/ptr/fcacc112-3bf8-4a43-82f6-38d14a699357/,senate,2025-04-23,22:56:47
TBLL,short,Recent underperformance in share price and lack of clear growth catalysts.,2025-04-19,2025-03-19,John,Boozman,John Boozman,Joint,Invesco Short Term Treasury ETF,Stock,Purchase,8000.5,https://efdsearch.senate.gov/search/view/ptr/fcacc112-3bf8-4a43-82f6-38d14a699357/,senate,2025-04-23,22:56:47
TBLL,short,Recent underperformance in share price and lack of clear growth catalysts.,2025-04-19,2025-03-05,John,Boozman,John Boozman,Joint,Invesco Short Term Treasury ETF,Stock,Purchase,8000.5,https://efdsearch.senate.gov/search/view/ptr/fcacc112-3bf8-4a43-82f6-38d14a699357/,senate,2025-04-23,22:56:47
TBLL,short,Recent underperformance in share price and lack of clear growth catalysts.,2025-03-06,2025-02-26,John,Boozman,John Boozman,Joint,INVESCO SHORT TERM TREAS ETF,,Purchase,8000.5,https://efdsearch.senate.gov/search/view/ptr/6cf4a78e-92f0-4201-bf73-e9b02cd8f9ef/,senate,2025-04-23,22:56:47
TBLL,short,Recent underperformance in share price and lack of clear growth catalysts.,2025-03-05,2025-02-26,John,Boozman,John Boozman,Joint,Invesco Short Term Treasury ETF,Stock,Purchase,8000.5,https://efdsearch.senate.gov/search/view/ptr/6cf4a78e-92f0-4201-bf73-e9b02cd8f9ef/,senate,2025-04-23,22:56:47
SUI,short,"Overvaluation concerns in the real estate sector, especially in manufactured housing.",2025-04-18,2025-03-17,Michael,McCaul,Michael McCaul,Spouse,Sun Communities Inc,Stock,Purchase,32500.5,https://disclosures-clerk.house.gov/public_disc/ptr-pdfs/2025/8220834.pdf,house,2025-04-23,22:56:47
OMF,short,Weak fundamentals and uncertain market conditions in finance suggest potential downside.,2025-04-18,2025-03-12,Michael,McCaul,Michael McCaul,Spouse,OneMain Holdings Inc,Stock,Purchase,32500.5,https://disclosures-clerk.house.gov/public_disc/ptr-pdfs/2025/8220834.pdf,house,2025-04-23,22:57:53
NFLX,short,"Recent performance has shown weakness, and concerns over subscriber growth may lead to further downhill trends.",2025-04-18,2025-03-13,Michael,McCaul,Michael McCaul,Spouse,Netflix Inc,Stock,Purchase,32500.5,https://disclosures-clerk.house.gov/public_disc/ptr-pdfs/2025/8220834.pdf,house,2025-04-23,22:59:10
NVDA,long,Strong net inflow and bullish sentiment on AI-related technologies.,2025-04-17,2025-03-03,Bruce,Westerman,Bruce Westerman,,NVIDIA Corporation,Stock,Purchase,32500.5,https://disclosures-clerk.house.gov/public_disc/ptr-pdfs/2025/20030146.pdf,house,2025-04-23,23:07:01
UNH,long,"Solid inflow supported by a resilient healthcare sector, promising profitability.",2025-04-18,2025-03-13,Michael,McCaul,Michael McCaul,Spouse,Unitedhealth Group Inc,Stock,Purchase,32500.5,https://disclosures-clerk.house.gov/public_disc/ptr-pdfs/2025/8220834.pdf,house,2025-04-23,23:07:01
GOOGL,short,Regulatory scrutiny and ad revenue pressures may impact profitability in the near term.,2025-03-05,2025-02-13,John,Boozman,John Boozman,Joint,Alphabet Cl A,Stock,Purchase,8000.5,https://efdsearch.senate.gov/search/view/ptr/6cf4a78e-92f0-4201-bf73-e9b02cd8f9ef/,senate,2025-04-23,23:08:07
GOOGL,short,Regulatory scrutiny and ad revenue pressures may impact profitability in the near term.,2025-04-18,2025-04-03,Dwight,Evans,Dwight Evans,,Alphabet Inc,Stock,Purchase,8000.5,https://disclosures-clerk.house.gov/public_disc/ptr-pdfs/2025/20030179.pdf,house,2025-04-23,23:08:07
GOOGL,short,Regulatory scrutiny and ad revenue pressures may impact profitability in the near term.,2025-04-17,2025-03-03,Bruce,Westerman,Bruce Westerman,,Alphabet Inc,Stock,Purchase,32500.5,https://disclosures-clerk.house.gov/public_disc/ptr-pdfs/2025/20030146.pdf,house,2025-04-23,23:08:07
NFLX,long,Strategic moves in content and international markets could drive subscriber growth and revenue.,2025-04-17,2025-03-20,Bruce,Westerman,Bruce Westerman,,Netflix Inc,Stock,Sale,8000.5,https://disclosures-clerk.house.gov/public_disc/ptr-pdfs/2025/20030146.pdf,house,2025-04-23,23:09:16
NFLX,long,Strategic moves in content and international markets could drive subscriber growth and revenue.,2025-04-17,2025-03-03,Bruce,Westerman,Bruce Westerman,,Netflix Inc,Stock,Purchase,8000.5,https://disclosures-clerk.house.gov/public_disc/ptr-pdfs/2025/20030146.pdf,house,2025-04-23,23:09:16
WWD,short,"Market conditions seem uncertain, and the company's reliance on specific sectors may expose it to risks.",2025-04-18,2025-03-14,Michael,McCaul,Michael McCaul,Spouse,Woodward Inc,Stock,Purchase,32500.5,https://disclosures-clerk.house.gov/public_disc/ptr-pdfs/2025/8220834.pdf,house,2025-04-23,23:09:16
LLY,long,"Recent performance in the biopharmaceutical sector shows resilience, with continued investment interest.",2025-04-17,2025-03-03,Bruce,Westerman,Bruce Westerman,,Eli Lilly and Co,Stock,Purchase,8000.5,https://disclosures-clerk.house.gov/public_disc/ptr-pdfs/2025/20030146.pdf,house,2025-04-23,23:11:27
GOOGL,long,"Alphabet has strong fundamentals and continues to innovate, benefiting from positive market sentiment reflected in net flow.",2025-04-17,2025-03-20,Bruce,Westerman,Bruce Westerman,,Alphabet Inc,Stock,Sale,8000.5,https://disclosures-clerk.house.gov/public_disc/ptr-pdfs/2025/20030146.pdf,house,2025-04-23,23:19:19
AMZN,short,"High valuation levels and increasing competition may pose risks, warranting a short view.",2025-04-17,2025-03-20,Bruce,Westerman,Bruce Westerman,,Amazon.com Inc,Stock,Sale,8000.5,https://disclosures-clerk.house.gov/public_disc/ptr-pdfs/2025/20030146.pdf,house,2025-04-23,23:55:38
BITB,short,High volatility in the crypto space and negative sentiment could further weaken BITB's position.,2025-04-22,2025-03-27,David H,McCormick,"McCormick, David H. (Senator)",Self,Bitwise Bitcoin ETF,Stock,Purchase,75000.5,https://efdsearch.senate.gov/search/view/ptr/c2d4f369-8305-4360-a7dc-b6ce3fd136eb/,senate,2025-04-24,00:33:10
BITB,short,High volatility in the crypto space and negative sentiment could further weaken BITB's position.,2025-04-22,2025-03-25,David H,McCormick,"McCormick, David H. (Senator)",Self,Bitwise Bitcoin ETF,Stock,Purchase,75000.5,https://efdsearch.senate.gov/search/view/ptr/c2d4f369-8305-4360-a7dc-b6ce3fd136eb/,senate,2025-04-24,00:33:10
BITB,short,High volatility in the crypto space and negative sentiment could further weaken BITB's position.,2025-04-22,2025-03-24,David H,McCormick,"McCormick, David H. (Senator)",Self,Bitwise Bitcoin ETF,Stock,Purchase,32500.5,https://efdsearch.senate.gov/search/view/ptr/c2d4f369-8305-4360-a7dc-b6ce3fd136eb/,senate,2025-04-24,00:33:10
MLM,short,Facing headwinds from rising raw material prices and potential slowdown in construction activity.,2025-04-18,2025-03-17,Michael,McCaul,Michael McCaul,Spouse,Martin Marietta Materials Inc,Stock,Purchase,32500.5,https://disclosures-clerk.house.gov/public_disc/ptr-pdfs/2025/8220834.pdf,house,2025-04-24,01:26:18
NVT,short,"Limited growth prospects despite net inflow, suggesting overvaluation risks.",2025-04-21,2025-04-01,Thomas H.,Kean,Thomas H. Kean,,nVent Electric PLC,Stock,Purchase,8000.5,https://disclosures-clerk.house.gov/public_disc/ptr-pdfs/2025/20030155.pdf,house,2025-04-24,01:44:06
NVT,short,"Limited growth prospects despite net inflow, suggesting overvaluation risks.",2025-04-21,2025-03-07,Thomas H.,Kean,Thomas H. Kean,,nVent Electric PLC,Stock,Purchase,8000.5,https://disclosures-clerk.house.gov/public_disc/ptr-pdfs/2025/20030155.pdf,house,2025-04-24,01:44:06
NVT,short,"Limited growth prospects despite net inflow, suggesting overvaluation risks.",2025-04-18,2025-03-10,Michael,McCaul,Michael McCaul,Spouse,nVent Electric PLC,Stock,Purchase,32500.5,https://disclosures-clerk.house.gov/public_disc/ptr-pdfs/2025/8220834.pdf,house,2025-04-24,01:44:06
AMT,long,"Solid net inflow suggests bullish outlook, and stable revenue growth potential in the telecommunications sector.",2025-04-18,2025-04-03,Dwight,Evans,Dwight Evans,,American Tower Corp,REIT,Sale,8000.5,https://disclosures-clerk.house.gov/public_disc/ptr-pdfs/2025/20030179.pdf,house,2025-04-24,03:10:03
VVV,short,Potential overvaluation relative to its growth prospects could lead to a pullback.,2025-04-18,2025-03-10,Michael,McCaul,Michael McCaul,Spouse,Valvoline Inc,Stock,Purchase,32500.5,https://disclosures-clerk.house.gov/public_disc/ptr-pdfs/2025/8220834.pdf,house,2025-04-24,04:18:16
BITB,long,Strong net flow suggests high confidence in the company's future performance.,2025-04-23,2025-03-27,Dave,McCormick,Dave McCormick,Self,BITWISE BITCOIN ETF,ETF,Purchase,75000.5,https://efdsearch.senate.gov/search/view/ptr/c2d4f369-8305-4360-a7dc-b6ce3fd136eb/,senate,2025-04-24,06:34:30
BITB,long,Strong net flow suggests high confidence in the company's future performance.,2025-04-23,2025-03-24,Dave,McCormick,Dave McCormick,Self,BITWISE BITCOIN ETF,ETF,Purchase,32500.5,https://efdsearch.senate.gov/search/view/ptr/c2d4f369-8305-4360-a7dc-b6ce3fd136eb/,senate,2025-04-24,06:34:30
BITB,long,Strong net flow suggests high confidence in the company's future performance.,2025-04-23,2025-03-25,Dave,McCormick,Dave McCormick,Self,BITWISE BITCOIN ETF,ETF,Purchase,75000.5,https://efdsearch.senate.gov/search/view/ptr/c2d4f369-8305-4360-a7dc-b6ce3fd136eb/,senate,2025-04-24,06:34:30
LDNXF,short,Concerns about market saturation and volatility could necessitate a short position.,2025-04-18,2025-03-10,Michael,McCaul,Michael McCaul,Spouse,London Stock Exchange Group PLC,Stock,Purchase,32500.5,https://disclosures-clerk.house.gov/public_disc/ptr-pdfs/2025/8220834.pdf,house,2025-04-24,10:41:37
GIS,short,Recent underperformance in the consumer staples sector amid rising costs and supply chain issues.,2025-03-30,2025-03-13,Dave,McCormick,Dave McCormick,Self,General Mills Inc,Corporate Bond,Purchase,375000.5,https://efdsearch.senate.gov/search/view/ptr/5823084a-1dd6-4707-aee5-53c57af4df8c/,senate,2025-04-24,14:35:17
GIS,short,Recent underperformance in the consumer staples sector amid rising costs and supply chain issues.,2025-03-19,2025-02-11,Tina,Smith,Tina Smith,Spouse,General Mills Inc,Stock,Sale,175000.5,https://efdsearch.senate.gov/search/view/ptr/ec33423d-b244-4bc3-a96f-da77436cda11/,senate,2025-04-24,14:35:17
GIS,short,Recent underperformance in the consumer staples sector amid rising costs and supply chain issues.,2025-03-18,2025-02-11,Tina,Smith,Tina Smith,Spouse,"General Mills, Inc. Common Stock",Stock,Sale (Full),175000.5,https://efdsearch.senate.gov/search/view/ptr/ec33423d-b244-4bc3-a96f-da77436cda11/,senate,2025-04-24,14:35:17
WFC,short,This ticker was mistakenly omitted; consider shifting focus to other weak performers.,2025-03-12,2025-03-03,Mitch,McConnell,Mitch McConnell,Spouse,Wells Fargo & Co,Stock,Purchase,8000.5,https://efdsearch.senate.gov/search/view/ptr/07155f69-e46a-49db-8341-66a2fab74c3c/,senate,2025-04-26,03:40:12
WFC,short,This ticker was mistakenly omitted; consider shifting focus to other weak performers.,2025-03-11,2025-03-03,Mitch,McConnell,Mitch McConnell,Spouse,Wells Fargo & Company,Stock,Purchase,8000.5,https://efdsearch.senate.gov/search/view/ptr/07155f69-e46a-49db-8341-66a2fab74c3c/,senate,2025-04-26,03:40:12
BAC,long,"Anticipated interest rate changes may favor financial institutions, complemented by net positive flows.",2025-04-24,2025-03-24,George, Whitesides,George  Whitesides,,Bank of America Corp,Stock,Sale,32500.5,https://disclosures-clerk.house.gov/public_disc/ptr-pdfs/2025/20027982.pdf,house,2025-04-26,11:18:45
V,short,Visa may face pressures from regulatory scrutiny and changes in consumer spending patterns.,2025-04-24,2025-03-24,George, Whitesides,George  Whitesides,,Visa Inc,Stock,Sale,32500.5,https://disclosures-clerk.house.gov/public_disc/ptr-pdfs/2025/20027982.pdf,house,2025-04-27,03:26:45
V,short,Visa may face pressures from regulatory scrutiny and changes in consumer spending patterns.,2025-04-18,2025-03-11,Michael,McCaul,Michael McCaul,Spouse,Visa Inc,Stock,Sale,8000.5,https://disclosures-clerk.house.gov/public_disc/ptr-pdfs/2025/8220834.pdf,house,2025-04-27,03:26:45
V,short,Visa may face pressures from regulatory scrutiny and changes in consumer spending patterns.,2025-04-18,2025-03-12,Michael,McCaul,Michael McCaul,Spouse,Visa Inc,Stock,Sale,8000.5,https://disclosures-clerk.house.gov/public_disc/ptr-pdfs/2025/8220834.pdf,house,2025-04-27,03:26:45
V,short,Visa may face pressures from regulatory scrutiny and changes in consumer spending patterns.,2025-04-18,2025-03-06,Michael,McCaul,Michael McCaul,Spouse,Visa Inc,Stock,Sale,8000.5,https://disclosures-clerk.house.gov/public_disc/ptr-pdfs/2025/8220834.pdf,house,2025-04-27,03:26:45
V,short,Visa may face pressures from regulatory scrutiny and changes in consumer spending patterns.,2025-04-18,2025-03-14,Michael,McCaul,Michael McCaul,Spouse,Visa Inc,Stock,Sale,32500.5,https://disclosures-clerk.house.gov/public_disc/ptr-pdfs/2025/8220834.pdf,house,2025-04-27,03:26:45
HWM,short,Recent underperformance and potential overvaluation based on current market trends.,2025-03-23,2025-02-24,Ashley,Moody,Ashley Moody,Self,Howmet Aerospace Inc,Stock,Sale,75000.5,https://efdsearch.senate.gov/search/view/ptr/376521e5-ad5e-44ec-8bd4-63847da2e049/,senate,2025-04-27,15:44:11
,short,No suitable candidates for shorting identified based on the available data.,2025-04-23,2025-03-31,Kevin,Hern,Kevin Hern,Joint,MORGAN STANLEY FIN LLC MTN ZERO CPN,,Sale (Full),750000.5,https://disclosures-clerk.house.gov/public_disc/ptr-pdfs/2025/20030185.pdf,house,2025-04-27,16:06:20
,short,No suitable candidates for shorting identified based on the available data.,2025-04-23,2025-04-15,Earl Leroy,Carter,Earl Leroy Carter,,US Treasury Bill,,Purchase,3000000.5,https://disclosures-clerk.house.gov/public_disc/ptr-pdfs/2025/20030215.pdf,house,2025-04-27,16:06:20
,short,No suitable candidates for shorting identified based on the available data.,2025-04-21,2024-01-16,Kathy,Manning,Kathy Manning,Spouse,"Echo Street GoodCo Select, LP",,Sale (Full),32500.5,https://disclosures-clerk.house.gov/public_disc/ptr-pdfs/2025/20029046.pdf,house,2025-04-27,16:06:20
,short,No suitable candidates for shorting identified based on the available data.,2025-04-21,2024-01-05,Kathy,Manning,Kathy Manning,Spouse,"Echo Street GoodCo Select, LP",,Sale (Full),750000.5,https://disclosures-clerk.house.gov/public_disc/ptr-pdfs/2025/20029046.pdf,house,2025-04-27,16:06:20
,short,No suitable candidates for shorting identified based on the available data.,2025-04-18,2025-03-27,Scott H.,Peters,Scott H. Peters,Spouse,U.S Treasury Bills,,Sale (Partial),750000.5,https://disclosures-clerk.house.gov/public_disc/ptr-pdfs/2025/20029120.pdf,house,2025-04-27,16:06:20
,short,No suitable candidates for shorting identified based on the available data.,2025-04-18,2025-03-31,Scott H.,Peters,Scott H. Peters,Spouse,U.S Treasury Bills,,Purchase,750000.5,https://disclosures-clerk.house.gov/public_disc/ptr-pdfs/2025/20029120.pdf,house,2025-04-27,16:06:20
C,short,Dragging performance in the banking sector amidst rising rates.,2025-04-24,2025-03-24,George, Whitesides,George  Whitesides,,Citigroup Inc,Stock,Sale,32500.5,https://disclosures-clerk.house.gov/public_disc/ptr-pdfs/2025/20027982.pdf,house,2025-04-27,17:39:13
TSLA,short,Overvaluation concerns in the electric vehicle market may lead to profit-taking.,2025-04-23,2025-03-31,Rob,Bresnahan,Rob Bresnahan,,Tesla Inc,Stock,Sale,8000.5,https://disclosures-clerk.house.gov/public_disc/ptr-pdfs/2025/20030212.pdf,house,2025-04-28,07:48:42
NFLX,short,Increasing competition in streaming services may hinder subscriber growth and profitability.,2025-04-24,2025-03-27,George, Whitesides,George  Whitesides,,Netflix Inc,Stock,Sale,175000.5,https://disclosures-clerk.house.gov/public_disc/ptr-pdfs/2025/20027982.pdf,house,2025-04-28,07:48:42
META,short,Ongoing privacy concerns and regulatory challenges could pressure the advertising revenue model.,2025-04-10,2025-03-26,Shelley,Moore Capito,Shelley Moore Capito,Spouse,Meta Platforms Inc,Stock,Purchase,8000.5,https://efdsearch.senate.gov/search/view/ptr/bb5a37f0-b259-46e9-8a2c-c27f24fe1533/,senate,2025-04-28,07:48:42
META,short,Ongoing privacy concerns and regulatory challenges could pressure the advertising revenue model.,2025-04-09,2025-03-26,Shelley,Moore Capito,Shelley Moore Capito,Spouse,Meta Platforms Inc,Stock,Purchase,8000.5,https://efdsearch.senate.gov/search/view/ptr/bb5a37f0-b259-46e9-8a2c-c27f24fe1533/,senate,2025-04-28,07:48:42
META,short,Ongoing privacy concerns and regulatory challenges could pressure the advertising revenue model.,2025-03-06,2025-02-25,Shelley,Moore Capito,Shelley Moore Capito,Spouse,Meta Platforms Inc,Stock,Purchase,8000.5,https://efdsearch.senate.gov/search/view/ptr/2f191d07-0340-4367-ba29-a81216bb20e3/,senate,2025-04-28,07:48:42
META,short,Ongoing privacy concerns and regulatory challenges could pressure the advertising revenue model.,2025-04-23,2025-04-02,Rob,Bresnahan,Rob Bresnahan,,Meta Platforms Inc,Stock,Sale,8000.5,https://disclosures-clerk.house.gov/public_disc/ptr-pdfs/2025/20030212.pdf,house,2025-04-28,07:48:42
MCD,short,Potential challenges in consumer spending due to economic conditions could impact profitability.,2025-04-24,2025-03-24,George, Whitesides,George  Whitesides,,McDonald's Corp,Stock,Sale,175000.5,https://disclosures-clerk.house.gov/public_disc/ptr-pdfs/2025/20027982.pdf,house,2025-04-29,11:36:12
AAPL,short,Weak product demand and supply chain issues could pressure the stock downwards.,2025-04-18,2025-03-10,Michael,McCaul,Michael McCaul,Spouse,Apple Inc,Stock,Sale,175000.5,https://disclosures-clerk.house.gov/public_disc/ptr-pdfs/2025/8220834.pdf,house,2025-04-29,13:06:24
LLY,long,Solid net inflow reflecting confidence in its pharmaceutical pipelines and overall market stability.,2025-04-29,2025-04-08,Rob,Bresnahan,Rob Bresnahan,,Eli Lilly and Co,Stock,Sale,8000.5,https://disclosures-clerk.house.gov/public_disc/ptr-pdfs/2025/20030238.pdf,house,2025-04-29,14:34:05
AMD,long,Continuing innovations and high net flow signal growth potential in the semiconductor sector.,2025-04-29,2025-04-08,Rob,Bresnahan,Rob Bresnahan,,Advanced Micro Devices Inc,Stock,Sale,32500.5,https://disclosures-clerk.house.gov/public_disc/ptr-pdfs/2025/20030238.pdf,house,2025-04-29,14:34:05
SPG,short,Weakening consumer spending trends could negatively impact retail real estate fundamentals.,2025-04-28,2025-04-03,Victoria,Spartz,Victoria Spartz,Spouse,Simon Property Group Inc,REIT,Purchase,8000.5,https://disclosures-clerk.house.gov/public_disc/ptr-pdfs/2025/20030233.pdf,house,2025-04-29,14:34:05
GIS,short,Fundamentals are weakening and market trends point to declining consumer interest.,2025-04-29,2025-04-08,Rob,Bresnahan,Rob Bresnahan,,General Mills Inc,Stock,Sale,8000.5,https://disclosures-clerk.house.gov/public_disc/ptr-pdfs/2025/20030238.pdf,house,2025-04-29,14:36:15
AXP,short,Concerns over consumer spending could impact credit card transactions negatively.,2025-03-05,2025-02-26,John,Boozman,John Boozman,Joint,American Express Company,Stock,Purchase,8000.5,https://efdsearch.senate.gov/search/view/ptr/6cf4a78e-92f0-4201-bf73-e9b02cd8f9ef/,senate,2025-04-29,14:37:22
FMAO,short,Weak financial metrics combined with lower net inflows suggest potential for decline.,2025-04-28,2025-04-20,Robert E.,Latta,Robert E. Latta,Spouse,Farmers & Merchants Bancorp Inc,Stock,Purchase,8000.5,https://disclosures-clerk.house.gov/public_disc/ptr-pdfs/2025/20030234.pdf,house,2025-04-29,14:38:34
AMAT,short,Possible slowdown in semiconductor capital expenditures could lead to underperformance.,2025-04-20,2025-03-19,John,Boozman,John Boozman,Joint,Applied Materials Inc,Stock,Purchase,8000.5,https://efdsearch.senate.gov/search/view/ptr/fcacc112-3bf8-4a43-82f6-38d14a699357/,senate,2025-04-29,14:38:34
AMAT,short,Possible slowdown in semiconductor capital expenditures could lead to underperformance.,2025-04-19,2025-03-19,John,Boozman,John Boozman,Joint,Applied Materials,Stock,Purchase,8000.5,https://efdsearch.senate.gov/search/view/ptr/fcacc112-3bf8-4a43-82f6-38d14a699357/,senate,2025-04-29,14:38:34
AMAT,short,Possible slowdown in semiconductor capital expenditures could lead to underperformance.,2025-03-23,2025-02-24,Ashley,Moody,Ashley Moody,Self,Applied Materials Inc,Stock Option,Sale,8000.5,https://efdsearch.senate.gov/search/view/ptr/376521e5-ad5e-44ec-8bd4-63847da2e049/,senate,2025-04-29,14:38:34
OKTA,short,"Amid market volatility, cybersecurity stocks might face headwinds.",2025-04-23,2025-04-04,Rob,Bresnahan,Rob Bresnahan,,OKTA Inc,Stock,Purchase,8000.5,https://disclosures-clerk.house.gov/public_disc/ptr-pdfs/2025/20030212.pdf,house,2025-04-29,14:53:26
MSI,short,Concerns over government spending cuts may impact defense contractors adversely.,2025-03-05,2025-02-26,John,Boozman,John Boozman,Joint,Motorola Solutions,Stock,Purchase,8000.5,https://efdsearch.senate.gov/search/view/ptr/6cf4a78e-92f0-4201-bf73-e9b02cd8f9ef/,senate,2025-04-29,15:12:20
BSX,short,Healthcare sector volatility and potential headwinds may warrant a short position.,2025-03-05,2025-02-13,John,Boozman,John Boozman,Joint,Boston Scientific Corp,Stock,Purchase,8000.5,https://efdsearch.senate.gov/search/view/ptr/6cf4a78e-92f0-4201-bf73-e9b02cd8f9ef/,senate,2025-04-29,15:17:53
IBM,short,"Struggling to adapt to cloud trends compared to competitors, indicating potential underperformance.",2025-04-23,2025-03-26,Rob,Bresnahan,Rob Bresnahan,,International Business Machines Corp,Stock,Purchase,8000.5,https://disclosures-clerk.house.gov/public_disc/ptr-pdfs/2025/20030212.pdf,house,2025-04-29,15:32:02
ARCC,short,"Recent lack of positive news and low flow suggest poor market sentiment, justifying a short position.",2025-03-12,2025-02-18,John,Fetterman,John Fetterman,,ARES CAPITAL CORPORATION,Corporate Bond,Purchase,8000.5,https://efdsearch.senate.gov/search/view/ptr/d445c200-69d3-4a59-a5a8-4252ef807649/,senate,2025-04-29,16:40:53
GS,short,Weak market conditions and declining performance suggest potential downturn.,2025-03-30,2025-02-28,Dave,McCormick,Dave McCormick,Spouse,The Goldman Sachs Group Inc,Stock,Sale,3000000.5,https://efdsearch.senate.gov/search/view/ptr/5823084a-1dd6-4707-aee5-53c57af4df8c/,senate,2025-04-29,16:53:07
GS,short,Weak market conditions and declining performance suggest potential downturn.,2025-03-28,2025-02-28,David H,McCormick,"McCormick, David H. (Senator)",Spouse,Goldman Sachs Group,Stock,Sale (Partial),3000000.5,https://efdsearch.senate.gov/search/view/ptr/5823084a-1dd6-4707-aee5-53c57af4df8c/,senate,2025-04-29,16:53:07
URNM,short,"Volatility in the uranium market and changing investment preferences may lead to declines, indicating a short opportunity.",2025-03-05,2025-02-25,John,Boozman,John Boozman,Joint,Sprott Uranium Miners ETF,Stock,Purchase,8000.5,https://efdsearch.senate.gov/search/view/ptr/6cf4a78e-92f0-4201-bf73-e9b02cd8f9ef/,senate,2025-04-29,17:21:35
ECL,short,Weak earnings reports and slow growth in the specialty chemicals sector may lead to underperformance.,2025-03-05,2025-02-26,John,Boozman,John Boozman,Joint,Ecolab Inc,Stock,Purchase,8000.5,https://efdsearch.senate.gov/search/view/ptr/6cf4a78e-92f0-4201-bf73-e9b02cd8f9ef/,senate,2025-04-29,22:42:06
CEG,long,"Growing interest in sustainable energy, positioned well for future markets.",2025-04-10,2025-03-26,Shelley,Moore Capito,Shelley Moore Capito,Spouse,CONSTELLATION ENE CORP,Stock,Purchase,8000.5,https://efdsearch.senate.gov/search/view/ptr/bb5a37f0-b259-46e9-8a2c-c27f24fe1533/,senate,2025-04-29,23:34:13
CEG,long,"Growing interest in sustainable energy, positioned well for future markets.",2025-04-09,2025-03-26,Shelley,Moore Capito,Shelley Moore Capito,Spouse,Constellation Energy Corp,Stock,Purchase,8000.5,https://efdsearch.senate.gov/search/view/ptr/bb5a37f0-b259-46e9-8a2c-c27f24fe1533/,senate,2025-04-29,23:34:13
CEG,long,"Growing interest in sustainable energy, positioned well for future markets.",2025-03-05,2025-02-04,Shelley,Moore Capito,Shelley Moore Capito,Spouse,Constellation Energy Corp,Stock,Purchase,8000.5,https://efdsearch.senate.gov/search/view/ptr/2f191d07-0340-4367-ba29-a81216bb20e3/,senate,2025-04-29,23:34:13
GOOGL,short,Recent regulatory scrutiny and declining market share in digital ads may lead to weakening performance.,2025-04-29,2025-04-08,Rob,Bresnahan,Rob Bresnahan,,Alphabet Inc (2),Stock,Sale,8000.5,https://disclosures-clerk.house.gov/public_disc/ptr-pdfs/2025/20030238.pdf,house,2025-04-30,12:52:46
559242Z,short,Lack of information and high volatility could make it a candidate for shorting.,2025-03-12,2025-02-18,John,Fetterman,John Fetterman,,TransCanada PipeLines Ltd,Corporate Bond,Purchase,8000.5,https://efdsearch.senate.gov/search/view/ptr/d445c200-69d3-4a59-a5a8-4252ef807649/,senate,2025-04-30,18:41:13
HSY,short,Potential overvaluation amidst softening demand in consumer goods signifies a potential short opportunity.,2025-04-29,2025-04-08,Rob,Bresnahan,Rob Bresnahan,,The Hershey Co,Stock,Sale,8000.5,https://disclosures-clerk.house.gov/public_disc/ptr-pdfs/2025/20030238.pdf,house,2025-04-30,21:37:22
BITB,long,"Strong net inflow indicates bullish sentiment among investors, suggesting confidence in the company's future.",2025-04-29,2025-04-07,David H,McCormick,"McCormick, David H. (Senator)",Self,Bitwise Bitcoin ETF,Stock,Purchase,32500.5,https://efdsearch.senate.gov/search/view/ptr/05a652a7-5402-47c6-85ad-04c1c978815b/,senate,2025-05-01,08:26:25
BITB,long,"Strong net inflow indicates bullish sentiment among investors, suggesting confidence in the company's future.",2025-04-29,2025-04-09,David H,McCormick,"McCormick, David H. (Senator)",Self,Bitwise Bitcoin ETF,Stock,Purchase,32500.5,https://efdsearch.senate.gov/search/view/ptr/05a652a7-5402-47c6-85ad-04c1c978815b/,senate,2025-05-01,08:26:25
BITB,long,"Strong net inflow indicates bullish sentiment among investors, suggesting confidence in the company's future.",2025-04-29,2025-04-02,David H,McCormick,"McCormick, David H. (Senator)",Self,Bitwise Bitcoin ETF,Stock,Purchase,32500.5,https://efdsearch.senate.gov/search/view/ptr/05a652a7-5402-47c6-85ad-04c1c978815b/,senate,2025-05-01,08:26:25
BITB,long,"Strong net inflow indicates bullish sentiment among investors, suggesting confidence in the company's future.",2025-04-29,2025-04-03,David H,McCormick,"McCormick, David H. (Senator)",Self,Bitwise Bitcoin ETF,Stock,Purchase,32500.5,https://efdsearch.senate.gov/search/view/ptr/05a652a7-5402-47c6-85ad-04c1c978815b/,senate,2025-05-01,08:26:25
BITB,long,"Strong net inflow indicates bullish sentiment among investors, suggesting confidence in the company's future.",2025-04-29,2025-03-31,David H,McCormick,"McCormick, David H. (Senator)",Self,Bitwise Bitcoin ETF,Stock,Purchase,32500.5,https://efdsearch.senate.gov/search/view/ptr/05a652a7-5402-47c6-85ad-04c1c978815b/,senate,2025-05-01,08:26:25
BITB,long,Strong net inflow indicates investor confidence and potential upside.,2025-04-30,2025-03-31,Dave,McCormick,Dave McCormick,Self,BITWISE BITCOIN ETF,ETF,Purchase,32500.5,https://efdsearch.senate.gov/search/view/ptr/05a652a7-5402-47c6-85ad-04c1c978815b/,senate,2025-05-01,12:34:20
BITB,long,Strong net inflow indicates investor confidence and potential upside.,2025-04-30,2025-04-02,Dave,McCormick,Dave McCormick,Self,BITWISE BITCOIN ETF,ETF,Purchase,32500.5,https://efdsearch.senate.gov/search/view/ptr/05a652a7-5402-47c6-85ad-04c1c978815b/,senate,2025-05-01,12:34:20
BITB,long,Strong net inflow indicates investor confidence and potential upside.,2025-04-30,2025-04-09,Dave,McCormick,Dave McCormick,Self,BITWISE BITCOIN ETF,ETF,Purchase,32500.5,https://efdsearch.senate.gov/search/view/ptr/05a652a7-5402-47c6-85ad-04c1c978815b/,senate,2025-05-01,12:34:20
BITB,long,Strong net inflow indicates investor confidence and potential upside.,2025-04-30,2025-04-07,Dave,McCormick,Dave McCormick,Self,BITWISE BITCOIN ETF,ETF,Purchase,32500.5,https://efdsearch.senate.gov/search/view/ptr/05a652a7-5402-47c6-85ad-04c1c978815b/,senate,2025-05-01,12:34:20
BITB,long,Strong net inflow indicates investor confidence and potential upside.,2025-04-30,2025-04-03,Dave,McCormick,Dave McCormick,Self,BITWISE BITCOIN ETF,ETF,Purchase,32500.5,https://efdsearch.senate.gov/search/view/ptr/05a652a7-5402-47c6-85ad-04c1c978815b/,senate,2025-05-01,12:34:20
SMCI,short,Weakest net inflow among the top tickers may indicate waning interest and price pressure.,2025-04-20,2025-03-25,Ashley,Moody,Ashley Moody,Self,SUPER MICRO COMPUTER INC (2),Stock Option,Sale,8000.5,https://efdsearch.senate.gov/search/view/ptr/19100e4c-0acb-45fb-9eb3-34ec9460d5e9/,senate,2025-05-01,13:39:24
SMCI,short,Weakest net inflow among the top tickers may indicate waning interest and price pressure.,2025-04-20,2025-03-24,Ashley,Moody,Ashley Moody,Self,SUPER MICRO COMPUTER INC,Stock,Sale,32500.5,https://efdsearch.senate.gov/search/view/ptr/19100e4c-0acb-45fb-9eb3-34ec9460d5e9/,senate,2025-05-01,13:39:24
SMCI,short,Weakest net inflow among the top tickers may indicate waning interest and price pressure.,2025-03-23,2025-02-24,Ashley,Moody,Ashley Moody,Self,SUPER MICRO COMPUTER INC,Stock,Sale,32500.5,https://efdsearch.senate.gov/search/view/ptr/376521e5-ad5e-44ec-8bd4-63847da2e049/,senate,2025-05-01,13:39:24
MA,short,"Stagnation indicated by zero net flow, suggesting limited growth prospects in the near term amid changing consumer habits.",2025-03-05,2025-02-05,John,Boozman,John Boozman,Joint,Mastercard Inc,Stock,Purchase,8000.5,https://efdsearch.senate.gov/search/view/ptr/6cf4a78e-92f0-4201-bf73-e9b02cd8f9ef/,senate,2025-05-01,14:31:44
MA,short,"Stagnation indicated by zero net flow, suggesting limited growth prospects in the near term amid changing consumer habits.",2025-04-29,2025-04-08,Rob,Bresnahan,Rob Bresnahan,,Mastercard Inc,Stock,Sale,8000.5,https://disclosures-clerk.house.gov/public_disc/ptr-pdfs/2025/20030238.pdf,house,2025-05-01,14:31:44
LULU,short,Negative net flow suggests declining interest and potential headwinds for the athleisure market.,2025-04-29,2025-04-08,Rob,Bresnahan,Rob Bresnahan,,Lululemon Athletica Inc,Stock,Sale,8000.5,https://disclosures-clerk.house.gov/public_disc/ptr-pdfs/2025/20030238.pdf,house,2025-05-01,15:13:28
RDDT,short,Negative flow and lack of positive news may indicate waning interest.,2025-04-23,2025-04-04,Rob,Bresnahan,Rob Bresnahan,,REDDIT INC,Stock,Sale,8000.5,https://disclosures-clerk.house.gov/public_disc/ptr-pdfs/2025/20030212.pdf,house,2025-05-01,15:21:05
LRCX,short,Recent net outflow suggests waning confidence in semiconductor equipment.,2025-03-05,2025-02-05,John,Boozman,John Boozman,Joint,Lam Research Corp,Stock,Sale (Partial),8000.5,https://efdsearch.senate.gov/search/view/ptr/b6f24083-8ed9-4368-b482-3d14155c1e9b/,senate,2025-05-01,17:29:52
KO,long,Coca-Cola's consistent performance and strong branding create a reliable investment amidst economic uncertainties.,2025-04-24,2025-03-24,George, Whitesides,George  Whitesides,,The Coca-Cola Co,Stock,Sale,175000.5,https://disclosures-clerk.house.gov/public_disc/ptr-pdfs/2025/20027982.pdf,house,2025-05-02,00:22:32
$SKIUSD,short,"The cryptocurrency market is volatile, and this ticker may be exposed to significant risks.",2025-05-01,2025-04-03,Michael,Collins,Michael Collins,,SKI MASK DOG,Cryptocurrency,Purchase,8000.5,https://disclosures-clerk.house.gov/public_disc/ptr-pdfs/2025/20029131.pdf,house,2025-05-02,04:44:50
CB,long,Potential for growth in the electric utility space amid energy transition.,2025-04-24,2025-03-24,George, Whitesides,George  Whitesides,,Chubb Ltd,Stock,Sale,175000.5,https://disclosures-clerk.house.gov/public_disc/ptr-pdfs/2025/20027982.pdf,house,2025-05-02,05:45:35
AAPL,long,Consistent performance and loyal customer base make it a safe long-term investment.,2025-05-05,2025-04-07,Vicente,Gonzalez,Vicente Gonzalez,,Apple Inc,Stock,Sale,75000.5,https://disclosures-clerk.house.gov/public_disc/ptr-pdfs/2025/8220845.pdf,house,2025-05-05,14:34:19
AAPL,long,Consistent performance and loyal customer base make it a safe long-term investment.,2025-05-05,2025-04-03,Vicente,Gonzalez,Vicente Gonzalez,,Apple Inc,Stock,Purchase,175000.5,https://disclosures-clerk.house.gov/public_disc/ptr-pdfs/2025/8220845.pdf,house,2025-05-05,14:34:19
AAPL,long,Consistent performance and loyal customer base make it a safe long-term investment.,2025-04-29,2025-04-08,Rob,Bresnahan,Rob Bresnahan,,Apple Inc,Stock,Sale,8000.5,https://disclosures-clerk.house.gov/public_disc/ptr-pdfs/2025/20030238.pdf,house,2025-05-05,14:34:19
TECH,short,Overexposure in a specific sector could lead to downturns as market conditions change.,2025-05-02,2025-04-29,April McClain,Delaney,April McClain Delaney,Dependent,Bio-Techne Corp - Common Stock,,Purchase,8000.5,https://disclosures-clerk.house.gov/public_disc/ptr-pdfs/2025/20030265.pdf,house,2025-05-05,14:57:37
TECH,short,Overexposure in a specific sector could lead to downturns as market conditions change.,2025-05-02,2025-04-09,April McClain,Delaney,April McClain Delaney,Dependent,Bio-Techne Corp - Common Stock,,Purchase,8000.5,https://disclosures-clerk.house.gov/public_disc/ptr-pdfs/2025/20030265.pdf,house,2025-05-05,14:57:37
PAYX,short,Market saturation and competitive pressure could affect future growth potential.,2025-05-02,2025-04-09,April McClain,Delaney,April McClain Delaney,Dependent,"Paychex, Inc. - Common Stock",,Purchase,8000.5,https://disclosures-clerk.house.gov/public_disc/ptr-pdfs/2025/20030265.pdf,house,2025-05-05,14:57:37
IDXX,short,Potential overvaluation and market corrections may lead to downward pressure.,2025-05-02,2025-04-04,April McClain,Delaney,April McClain Delaney,Dependent,"IDEXX Laboratories, Inc. - Common Stock",,Purchase,8000.5,https://disclosures-clerk.house.gov/public_disc/ptr-pdfs/2025/20030265.pdf,house,2025-05-05,14:58:44
IDXX,short,Potential overvaluation and market corrections may lead to downward pressure.,2025-05-02,2025-04-01,April McClain,Delaney,April McClain Delaney,Dependent,"IDEXX Laboratories, Inc. - Common Stock",,Purchase,8000.5,https://disclosures-clerk.house.gov/public_disc/ptr-pdfs/2025/20030265.pdf,house,2025-05-05,14:58:44
IDXX,short,Potential overvaluation and market corrections may lead to downward pressure.,2025-05-02,2025-04-09,April McClain,Delaney,April McClain Delaney,Dependent,"IDEXX Laboratories, Inc. - Common Stock",,Purchase,8000.5,https://disclosures-clerk.house.gov/public_disc/ptr-pdfs/2025/20030265.pdf,house,2025-05-05,14:58:44
IDXX,short,Potential overvaluation and market corrections may lead to downward pressure.,2025-05-02,2025-04-07,April McClain,Delaney,April McClain Delaney,Dependent,"IDEXX Laboratories, Inc. - Common Stock",,Purchase,8000.5,https://disclosures-clerk.house.gov/public_disc/ptr-pdfs/2025/20030265.pdf,house,2025-05-05,14:58:44
IDXX,short,Potential overvaluation and market corrections may lead to downward pressure.,2025-04-29,2025-04-08,Rob,Bresnahan,Rob Bresnahan,,IDEXX Laboratories Inc,Stock,Sale,8000.5,https://disclosures-clerk.house.gov/public_disc/ptr-pdfs/2025/20030238.pdf,house,2025-05-05,14:58:44
BJ,short,"While showing some inflow, overall trends in retail point towards stagnation; may not withstand economic pressures.",2025-05-02,2025-04-04,April McClain,Delaney,April McClain Delaney,Dependent,"BJ's Wholesale Club Holdings, Inc. Common Stock",,Purchase,8000.5,https://disclosures-clerk.house.gov/public_disc/ptr-pdfs/2025/20030265.pdf,house,2025-05-05,14:59:51
BJ,short,"While showing some inflow, overall trends in retail point towards stagnation; may not withstand economic pressures.",2025-05-02,2025-04-01,April McClain,Delaney,April McClain Delaney,Dependent,"BJ's Wholesale Club Holdings, Inc. Common Stock",,Purchase,8000.5,https://disclosures-clerk.house.gov/public_disc/ptr-pdfs/2025/20030265.pdf,house,2025-05-05,14:59:51
BJ,short,"While showing some inflow, overall trends in retail point towards stagnation; may not withstand economic pressures.",2025-05-02,2025-04-09,April McClain,Delaney,April McClain Delaney,Dependent,"BJ's Wholesale Club Holdings, Inc. Common Stock",,Purchase,8000.5,https://disclosures-clerk.house.gov/public_disc/ptr-pdfs/2025/20030265.pdf,house,2025-05-05,14:59:51
IUSG,short,Inflationary pressures and interest rate hikes could negatively impact growth stocks.,2025-05-05,2025-03-27,Harold Dallas,Rogers,Harold Dallas Rogers,,iShares Core S&P U.S. Growth ETF,ETF,Purchase,8000.5,https://disclosures-clerk.house.gov/public_disc/ptr-pdfs/2025/8220844.pdf,house,2025-05-05,17:08:16
NVDA,long,Robust demand for NVIDIA products in the AI sector indicates potential for further growth.,2025-05-07,2025-05-05,Marjorie Taylor,Greene,Marjorie Taylor Greene,,NVIDIA Corporation,Stock,Purchase,8000.5,https://disclosures-clerk.house.gov/public_disc/ptr-pdfs/2025/20030295.pdf,house,2025-05-07,17:19:24
LLY,long,Eli Lilly's recent breakthroughs in pharmaceuticals align with positive investor sentiment and net flow.,2025-05-07,2025-05-05,Marjorie Taylor,Greene,Marjorie Taylor Greene,,Eli Lilly and Co,Stock,Purchase,8000.5,https://disclosures-clerk.house.gov/public_disc/ptr-pdfs/2025/20030295.pdf,house,2025-05-07,17:19:24
AMD,long,AMD's advancements in chip technology and solid market position suggest potential for upside.,2025-05-07,2025-05-05,Marjorie Taylor,Greene,Marjorie Taylor Greene,,Advanced Micro Devices Inc,Stock,Purchase,8000.5,https://disclosures-clerk.house.gov/public_disc/ptr-pdfs/2025/20030295.pdf,house,2025-05-07,17:19:24
OXY,short,Recent market volatility in oil prices could pose risks for Occidental Petroleum's performance.,2025-05-07,2025-05-05,Marjorie Taylor,Greene,Marjorie Taylor Greene,,Occidental Petroleum Corp (1),Stock,Purchase,8000.5,https://disclosures-clerk.house.gov/public_disc/ptr-pdfs/2025/20030295.pdf,house,2025-05-07,17:19:24
MSFT,long,Consistent institutional support with net inflows; strong position in cloud computing and AI.,2025-05-07,2025-05-05,Marjorie Taylor,Greene,Marjorie Taylor Greene,,Microsoft Corp,Stock,Purchase,8000.5,https://disclosures-clerk.house.gov/public_disc/ptr-pdfs/2025/20030295.pdf,house,2025-05-07,17:20:31
MSFT,long,Consistent institutional support with net inflows; strong position in cloud computing and AI.,2025-05-07,2025-04-29,Gil,Cisneros,Gil Cisneros,,Microsoft Corp,Stock,Purchase,32500.5,https://disclosures-clerk.house.gov/public_disc/ptr-pdfs/2025/20030288.pdf,house,2025-05-07,17:20:31
GILD,short,Flat net flow and lack of recent positive news indicates potential stagnation in growth outlook.,2025-05-07,2025-05-05,Marjorie Taylor,Greene,Marjorie Taylor Greene,,Gilead Sciences Inc (2),Stock,Purchase,8000.5,https://disclosures-clerk.house.gov/public_disc/ptr-pdfs/2025/20030295.pdf,house,2025-05-07,17:20:31
KMI,short,Potential headwinds in the energy sector with shifting regulations and demand.,2025-05-07,2025-04-29,Gil,Cisneros,Gil Cisneros,,Kinder Morgan Inc,Stock,Purchase,8000.5,https://disclosures-clerk.house.gov/public_disc/ptr-pdfs/2025/20030288.pdf,house,2025-05-07,17:21:37
KMI,short,Potential headwinds in the energy sector with shifting regulations and demand.,2025-05-07,2025-05-05,Marjorie Taylor,Greene,Marjorie Taylor Greene,,Kinder Morgan Inc,Stock,Purchase,8000.5,https://disclosures-clerk.house.gov/public_disc/ptr-pdfs/2025/20030295.pdf,house,2025-05-07,17:21:37
MRK,short,Facing increased competition and patent expirations that could impact profitability.,2025-05-07,2025-04-29,Gil,Cisneros,Gil Cisneros,,Merck & Co Inc,Stock,Purchase,8000.5,https://disclosures-clerk.house.gov/public_disc/ptr-pdfs/2025/20030288.pdf,house,2025-05-07,17:21:37
MRK,short,Facing increased competition and patent expirations that could impact profitability.,2025-05-07,2025-05-05,Marjorie Taylor,Greene,Marjorie Taylor Greene,,Merck & Co Inc,Stock,Purchase,8000.5,https://disclosures-clerk.house.gov/public_disc/ptr-pdfs/2025/20030295.pdf,house,2025-05-07,17:21:37
META,long,Recent net inflow shows renewed investor confidence as it navigates through market challenges.,2025-05-07,2025-05-05,Marjorie Taylor,Greene,Marjorie Taylor Greene,,Meta Platforms Inc,Stock,Purchase,8000.5,https://disclosures-clerk.house.gov/public_disc/ptr-pdfs/2025/20030295.pdf,house,2025-05-07,17:23:49
GOOGL,long,Positive net flow from Congress reflects investor confidence in its advertising and cloud services growth.,2025-05-07,2025-04-29,Shelley,Moore Capito,Shelley Moore Capito,Spouse,Alphabet Inc,Stock,Purchase,8000.5,https://efdsearch.senate.gov/search/view/ptr/177da1cd-00da-40c7-b244-5dab13d3fc50/,senate,2025-05-07,17:27:03
GOOGL,long,Positive net flow from Congress reflects investor confidence in its advertising and cloud services growth.,2025-05-07,2025-05-05,Marjorie Taylor,Greene,Marjorie Taylor Greene,,Alphabet Inc,Stock,Purchase,8000.5,https://disclosures-clerk.house.gov/public_disc/ptr-pdfs/2025/20030295.pdf,house,2025-05-07,17:27:03
KO,short,Concerns about health trends and a shifting beverage market make this a risky position.,2025-05-06,2025-04-01,Lloyd,Doggett,Lloyd Doggett,,The Coca-Cola Co,Stock,Purchase,8000.5,https://disclosures-clerk.house.gov/public_disc/ptr-pdfs/2025/20030285.pdf,house,2025-05-07,17:29:13
TECH,short,Doubt regarding the sustainability of tech valuations and potential market corrections could impact performance negatively.,2025-05-05,2025-04-09,April,McClain Delaney,April McClain Delaney,,Bio-Techne Corp,Stock,Purchase,8000.5,https://disclosures-clerk.house.gov/public_disc/ptr-pdfs/2025/20030265.pdf,house,2025-05-07,17:31:25
TECH,short,Doubt regarding the sustainability of tech valuations and potential market corrections could impact performance negatively.,2025-05-05,2025-04-29,April,McClain Delaney,April McClain Delaney,,Bio-Techne Corp,Stock,Purchase,8000.5,https://disclosures-clerk.house.gov/public_disc/ptr-pdfs/2025/20030265.pdf,house,2025-05-07,17:31:25
PAYX,short,Increasing competition in financial technology could limit Paychex's growth prospects.,2025-05-07,2025-05-05,Marjorie Taylor,Greene,Marjorie Taylor Greene,,Paychex Inc,Stock,Purchase,8000.5,https://disclosures-clerk.house.gov/public_disc/ptr-pdfs/2025/20030295.pdf,house,2025-05-07,17:35:51
PAYX,short,Increasing competition in financial technology could limit Paychex's growth prospects.,2025-05-05,2025-04-09,April,McClain Delaney,April McClain Delaney,,Paychex Inc,Stock,Purchase,8000.5,https://disclosures-clerk.house.gov/public_disc/ptr-pdfs/2025/20030265.pdf,house,2025-05-07,17:35:51
AMAT,short,Tech sector adjustments and potential decline in capital expenditures may weigh on Applied Materials.,2025-05-07,2025-05-05,Marjorie Taylor,Greene,Marjorie Taylor Greene,,Applied Materials Inc,Stock,Purchase,8000.5,https://disclosures-clerk.house.gov/public_disc/ptr-pdfs/2025/20030295.pdf,house,2025-05-07,17:35:51
BJ,short,A relatively high short interest and stagnant performance in retail forecasts challenges ahead.,2025-05-05,2025-04-09,April,McClain Delaney,April McClain Delaney,,BJ's Wholesale Club Holdings Inc,Stock,Purchase,8000.5,https://disclosures-clerk.house.gov/public_disc/ptr-pdfs/2025/20030265.pdf,house,2025-05-07,17:51:13
BJ,short,A relatively high short interest and stagnant performance in retail forecasts challenges ahead.,2025-05-05,2025-04-01,April,McClain Delaney,April McClain Delaney,,BJ's Wholesale Club Holdings Inc,Stock,Purchase,8000.5,https://disclosures-clerk.house.gov/public_disc/ptr-pdfs/2025/20030265.pdf,house,2025-05-07,17:51:13
ARIS,short,Limited visibility in growth prospects could lead to downward pressure on stock performance.,2025-05-07,2025-04-08,Gil,Cisneros,Gil Cisneros,,ARIS WATER SOLUTIN INC,Stock,Purchase,75000.5,https://disclosures-clerk.house.gov/public_disc/ptr-pdfs/2025/20030288.pdf,house,2025-05-07,20:09:50
ALKT,short,Weak market sentiment and net flow do not indicate strong future performance.,2025-05-07,2025-04-30,Gil,Cisneros,Gil Cisneros,,ALKAMI TECHNOLOGY INC,Stock,Purchase,8000.5,https://disclosures-clerk.house.gov/public_disc/ptr-pdfs/2025/20030288.pdf,house,2025-05-07,20:19:35
ALKT,short,Weak market sentiment and net flow do not indicate strong future performance.,2025-05-07,2025-04-17,Gil,Cisneros,Gil Cisneros,,ALKAMI TECHNOLOGY INC,Stock,Purchase,8000.5,https://disclosures-clerk.house.gov/public_disc/ptr-pdfs/2025/20030288.pdf,house,2025-05-07,20:19:35
IDXX,short,Market saturation and potential supply chain issues may hinder future growth.,2025-05-05,2025-04-01,April,McClain Delaney,April McClain Delaney,,IDEXX Laboratories Inc,Stock,Purchase,8000.5,https://disclosures-clerk.house.gov/public_disc/ptr-pdfs/2025/20030265.pdf,house,2025-05-07,21:29:24
IDXX,short,Market saturation and potential supply chain issues may hinder future growth.,2025-05-05,2025-04-09,April,McClain Delaney,April McClain Delaney,,IDEXX Laboratories Inc,Stock,Purchase,8000.5,https://disclosures-clerk.house.gov/public_disc/ptr-pdfs/2025/20030265.pdf,house,2025-05-07,21:29:24
IDXX,short,Subpar recent performance and headwinds in the veterinary diagnostics market present risks.,2025-05-05,2025-04-07,April,McClain Delaney,April McClain Delaney,,IDEXX Laboratories Inc,Stock,Purchase,8000.5,https://disclosures-clerk.house.gov/public_disc/ptr-pdfs/2025/20030265.pdf,house,2025-05-07,21:46:46
NSC,short,"Recent economic indicators suggest a potential slowdown in transportation demand, impacting NSC.",2025-05-07,2025-05-05,Marjorie Taylor,Greene,Marjorie Taylor Greene,,Norfolk Southern Corp (2),Stock,Purchase,8000.5,https://disclosures-clerk.house.gov/public_disc/ptr-pdfs/2025/20030295.pdf,house,2025-05-08,02:48:08
GOOGL,long,"Resilience in ad revenue and innovation in AI, with net inflows showing solid confidence.",2025-05-06,2025-04-29,Shelley,Moore Capito,Shelley Moore Capito,Spouse,Alphabet Cl A,Stock,Purchase,8000.5,https://efdsearch.senate.gov/search/view/ptr/177da1cd-00da-40c7-b244-5dab13d3fc50/,senate,2025-05-08,08:33:17
PFE,short,"Concerns around vaccine sales and competition, suggesting possible downturn.",2025-05-07,2025-04-29,Gil,Cisneros,Gil Cisneros,,Pfizer Inc,Stock,Purchase,8000.5,https://disclosures-clerk.house.gov/public_disc/ptr-pdfs/2025/20030288.pdf,house,2025-05-08,08:33:17
NLY,short,"Interest rate volatility may negatively impact the financial sector, making this a candidate for a short position.",2025-05-08,2025-04-21,John,Neely Kennedy,John Neely Kennedy,Self,Annaly Capital Management Inc,REIT,Purchase,8000.5,https://efdsearch.senate.gov/search/view/ptr/94863fb5-21cc-4585-a124-c0ea92ef5f1b/,senate,2025-05-09,00:32:11
NLY,short,"Interest rate volatility may negatively impact the financial sector, making this a candidate for a short position.",2025-05-07,2025-04-21,John,Kennedy,John Kennedy,Self,"Annaly Capital Management Inc Company: Annaly Capital Management Inc. (New York, New York) Description: Mortgage Real Estate Investment Trust",Other Securities,Purchase,8000.5,https://efdsearch.senate.gov/search/view/ptr/94863fb5-21cc-4585-a124-c0ea92ef5f1b/,senate,2025-05-09,00:32:11
GS,short,"Recent declines in investment banking activity may lead to lower earnings, which could justify a short position.",2025-05-07,2025-05-05,Marjorie Taylor,Greene,Marjorie Taylor Greene,,The Goldman Sachs Group Inc,Stock,Purchase,8000.5,https://disclosures-clerk.house.gov/public_disc/ptr-pdfs/2025/20030295.pdf,house,2025-05-09,00:44:24
AAPL,long,Strong net flow indicates bullish sentiment and recent performance has been solid.,2025-05-09,2025-04-07,Jefferson,Shreve,Jefferson Shreve,,Apple Inc,Stock,Purchase,175000.5,https://disclosures-clerk.house.gov/public_disc/ptr-pdfs/2025/20030231.pdf,house,2025-05-09,14:36:53
NVDA,long,High net flow coupled with ongoing demand for AI-related technologies positions NVDA well.,2025-05-09,2025-04-07,Jefferson,Shreve,Jefferson Shreve,,NVIDIA Corporation,Stock,Sale,75000.5,https://disclosures-clerk.house.gov/public_disc/ptr-pdfs/2025/20030231.pdf,house,2025-05-09,14:36:53
INTU,long,Consistent positive net flow signals strong belief in growth from software solutions.,2025-05-09,2025-04-07,Jefferson,Shreve,Jefferson Shreve,,Intuit Inc,Stock,Purchase,175000.5,https://disclosures-clerk.house.gov/public_disc/ptr-pdfs/2025/20030231.pdf,house,2025-05-09,14:36:53
AMAT,long,Strong inflow reflects positive outlook on semiconductor manufacturing.,2025-05-09,2025-04-11,Jefferson,Shreve,Jefferson Shreve,,Applied Materials Inc,Stock,Purchase,32500.5,https://disclosures-clerk.house.gov/public_disc/ptr-pdfs/2025/20030231.pdf,house,2025-05-09,14:36:53
AMAT,long,Strong inflow reflects positive outlook on semiconductor manufacturing.,2025-05-09,2025-04-17,Jefferson,Shreve,Jefferson Shreve,,Applied Materials Inc,Stock,Purchase,75000.5,https://disclosures-clerk.house.gov/public_disc/ptr-pdfs/2025/20030231.pdf,house,2025-05-09,14:36:53
CAT,short,Slower growth in construction may impact performance despite minor flows.,2025-05-09,2025-04-17,Jefferson,Shreve,Jefferson Shreve,,Caterpillar Inc,Stock,Purchase,32500.5,https://disclosures-clerk.house.gov/public_disc/ptr-pdfs/2025/20030231.pdf,house,2025-05-09,14:36:53
ECL,long,"Stable net inflows indicate investor confidence, bolstered by recent performance.",2025-05-09,2025-04-07,Jefferson,Shreve,Jefferson Shreve,,Ecolab Inc,Stock,Purchase,175000.5,https://disclosures-clerk.house.gov/public_disc/ptr-pdfs/2025/20030231.pdf,house,2025-05-09,14:37:58
CVX,short,Current market conditions and declining oil prices may hurt performance.,2025-05-09,2025-04-07,Jefferson,Shreve,Jefferson Shreve,,Chevron Corp,Stock,Purchase,32500.5,https://disclosures-clerk.house.gov/public_disc/ptr-pdfs/2025/20030231.pdf,house,2025-05-09,14:37:58
CVX,short,Current market conditions and declining oil prices may hurt performance.,2025-05-07,2025-05-05,Marjorie Taylor,Greene,Marjorie Taylor Greene,,Chevron Corp,Stock,Purchase,8000.5,https://disclosures-clerk.house.gov/public_disc/ptr-pdfs/2025/20030295.pdf,house,2025-05-09,14:37:58
COP,short,"Similar to CVX, exposure to falling oil prices presents risks amidst economic uncertainty.",2025-05-09,2025-04-11,Jefferson,Shreve,Jefferson Shreve,,ConocoPhillips,Stock,Purchase,32500.5,https://disclosures-clerk.house.gov/public_disc/ptr-pdfs/2025/20030231.pdf,house,2025-05-09,14:37:58
COP,short,"Similar to CVX, exposure to falling oil prices presents risks amidst economic uncertainty.",2025-05-09,2025-04-07,Jefferson,Shreve,Jefferson Shreve,,ConocoPhillips,Stock,Purchase,32500.5,https://disclosures-clerk.house.gov/public_disc/ptr-pdfs/2025/20030231.pdf,house,2025-05-09,14:37:58
BLK,short,"Increased scrutiny on large asset managers may adversely impact performance, and recent outflows could signal weakening investor confidence.",2025-05-09,2025-04-07,Jefferson,Shreve,Jefferson Shreve,,Blackrock Inc,Stock,Purchase,75000.5,https://disclosures-clerk.house.gov/public_disc/ptr-pdfs/2025/20030231.pdf,house,2025-05-09,14:41:16
CBOE,short,"Volatility trends may affect trading volumes, and potential market corrections could negatively influence the business.",2025-05-09,2025-04-07,Jefferson,Shreve,Jefferson Shreve,,Cboe Global Markets Inc,Stock,Purchase,32500.5,https://disclosures-clerk.house.gov/public_disc/ptr-pdfs/2025/20030231.pdf,house,2025-05-09,14:41:16
MRVL,short,Possible overvaluation concerns and competition in the semiconductor space could lead to a downturn.,2025-05-09,2025-04-07,Jefferson,Shreve,Jefferson Shreve,,Marvell Technology Inc,Stock,Purchase,75000.5,https://disclosures-clerk.house.gov/public_disc/ptr-pdfs/2025/20030231.pdf,house,2025-05-09,14:41:16
CTAS,short,Valuation concerns relative to historical performance and market competition.,2025-05-09,2025-04-07,Jefferson,Shreve,Jefferson Shreve,,Cintas Corp,Stock,Purchase,75000.5,https://disclosures-clerk.house.gov/public_disc/ptr-pdfs/2025/20030231.pdf,house,2025-05-09,14:42:26
IDXX,short,High valuation multiples compared to sector peers suggest overvaluation.,2025-05-09,2025-04-07,Jefferson,Shreve,Jefferson Shreve,,IDEXX Laboratories Inc,Stock,Purchase,75000.5,https://disclosures-clerk.house.gov/public_disc/ptr-pdfs/2025/20030231.pdf,house,2025-05-09,14:43:33
CSX,short,Potential weaknesses in logistics and transportation sector could lead to declines.,2025-05-09,2025-04-17,Jefferson,Shreve,Jefferson Shreve,,CSX Corp,Stock,Purchase,32500.5,https://disclosures-clerk.house.gov/public_disc/ptr-pdfs/2025/20030231.pdf,house,2025-05-09,14:44:39
LMT,short,"Pressure from defense budget discussions may lead to headwinds despite current inflow, making it a candidate for a short.",2025-05-09,2025-04-11,Jefferson,Shreve,Jefferson Shreve,,Lockheed Martin Corp,Stock,Purchase,32500.5,https://disclosures-clerk.house.gov/public_disc/ptr-pdfs/2025/20030231.pdf,house,2025-05-09,14:46:54
LMT,short,"Pressure from defense budget discussions may lead to headwinds despite current inflow, making it a candidate for a short.",2025-05-07,2025-04-29,Gil,Cisneros,Gil Cisneros,,Lockheed Martin Corp,Stock,Purchase,8000.5,https://disclosures-clerk.house.gov/public_disc/ptr-pdfs/2025/20030288.pdf,house,2025-05-09,14:46:54
CMG,short,"Chipotle may be facing challenges with rising labor costs and supply chain issues, leading to potential downside.",2025-05-09,2025-04-17,Jefferson,Shreve,Jefferson Shreve,,Chipotle Mexican Grill Inc,Stock,Purchase,75000.5,https://disclosures-clerk.house.gov/public_disc/ptr-pdfs/2025/20030231.pdf,house,2025-05-09,14:48:03
MCD,short,Concerns about rising costs and changing consumer habits may impact profitability.,2025-05-09,2025-04-11,Jefferson,Shreve,Jefferson Shreve,,McDonald's Corp,Stock,Purchase,32500.5,https://disclosures-clerk.house.gov/public_disc/ptr-pdfs/2025/20030231.pdf,house,2025-05-09,14:56:57
LIN,short,Decelerating performance amid changing market conditions signals potential weakness.,2025-05-09,2025-04-07,Jefferson,Shreve,Jefferson Shreve,,Linde PLC,Stock,Purchase,75000.5,https://disclosures-clerk.house.gov/public_disc/ptr-pdfs/2025/20030231.pdf,house,2025-05-09,14:58:05
HD,short,"HD's strong previous performance may be overvalued, and the current market conditions could negatively impact its stock.",2025-05-09,2025-04-07,Jefferson,Shreve,Jefferson Shreve,,The Home Depot Inc,Stock,Purchase,32500.5,https://disclosures-clerk.house.gov/public_disc/ptr-pdfs/2025/20030231.pdf,house,2025-05-09,15:13:40
HD,short,"HD's strong previous performance may be overvalued, and the current market conditions could negatively impact its stock.",2025-05-07,2025-05-05,Marjorie Taylor,Greene,Marjorie Taylor Greene,,The Home Depot Inc,Stock,Purchase,8000.5,https://disclosures-clerk.house.gov/public_disc/ptr-pdfs/2025/20030295.pdf,house,2025-05-09,15:13:40
ARES,short,Potential overvaluation in current market conditions and changing investor sentiment could lead to downward pressure.,2025-05-09,2025-04-17,Jefferson,Shreve,Jefferson Shreve,,Ares Management Corp,Stock,Purchase,75000.5,https://disclosures-clerk.house.gov/public_disc/ptr-pdfs/2025/20030231.pdf,house,2025-05-09,15:21:21
LOW,short,Weakening fundamentals in the retail sector may lead to a potential decline.,2025-05-09,2025-04-11,Jefferson,Shreve,Jefferson Shreve,,Lowe's Cos Inc,Stock,Purchase,32500.5,https://disclosures-clerk.house.gov/public_disc/ptr-pdfs/2025/20030231.pdf,house,2025-05-09,15:22:29
CCI,short,"Stagnant growth and net outflows suggest lack of investor confidence, indicating short opportunity.",2025-05-09,2025-04-11,Jefferson,Shreve,Jefferson Shreve,,Crown Castle International Corp,REIT,Purchase,32500.5,https://disclosures-clerk.house.gov/public_disc/ptr-pdfs/2025/20030231.pdf,house,2025-05-09,15:22:29
NEE,short,Regulatory challenges and potential interest rate hikes could pressure utility stocks.,2025-05-09,2025-04-17,Jefferson,Shreve,Jefferson Shreve,,NextEra Energy Inc,Stock,Purchase,32500.5,https://disclosures-clerk.house.gov/public_disc/ptr-pdfs/2025/20030231.pdf,house,2025-05-09,15:25:47
NEE,short,Regulatory challenges and potential interest rate hikes could pressure utility stocks.,2025-05-07,2025-05-05,Marjorie Taylor,Greene,Marjorie Taylor Greene,,NextEra Energy Inc,Stock,Purchase,8000.5,https://disclosures-clerk.house.gov/public_disc/ptr-pdfs/2025/20030295.pdf,house,2025-05-09,15:25:47
AMD,long,"Positive net flow indicates renewed interest, especially in semiconductor space.",2025-05-09,2025-04-07,Jefferson,Shreve,Jefferson Shreve,,Advanced Micro Devices Inc,Stock,Sale,75000.5,https://disclosures-clerk.house.gov/public_disc/ptr-pdfs/2025/20030231.pdf,house,2025-05-09,15:48:51
OMF,short,Concerns over rising interest rates impacting lending profitability.,18/04/2025,12/03/2025,Michael,McCaul,Michael McCaul,Spouse,OneMain Holdings Inc,Stock,Purchase,32500.5,https://disclosures-clerk.house.gov/public_disc/ptr-pdfs/2025/8220834.pdf,house,23/04/2025,22:43:30
UNH,short,High valuation amidst regulatory pressures and rising healthcare costs.,18/04/2025,13/03/2025,Michael,McCaul,Michael McCaul,Spouse,Unitedhealth Group Inc,Stock,Purchase,32500.5,https://disclosures-clerk.house.gov/public_disc/ptr-pdfs/2025/8220834.pdf,house,23/04/2025,22:43:30
